Count;Name;Angle;Color;Delta X;Delta Y;Delta Z;End X;End Y;End Z;Hyperlink;Layer;Length;Linetype;Linetype Scale;Lineweight;Plot Style;Start X;Start Y;Start Z;Thickness
1;Line;16.42;ByLayer;22.5747;6.6533;0.0000;12094.6270;8446.4781;0.0000;;L_10;23.5347;ByLayer;1.0000;ByLayer;ByLayer;12072.0523;8439.8249;0.0000;0.0000
1;Line;10.37;ByLayer;23.5273;4.3058;0.0000;12072.0523;8439.8249;0.0000;;L_10;23.9180;ByLayer;1.0000;ByLayer;ByLayer;12048.5250;8435.5191;0.0000;0.0000
1;Line;23.11;ByLayer;21.1105;9.0074;0.0000;12115.7375;8455.4855;0.0000;;L_10;22.9518;ByLayer;1.0000;ByLayer;ByLayer;12094.6270;8446.4781;0.0000;0.0000
1;Line;39.21;ByLayer;16.8744;13.7692;0.0000;12151.6443;8480.5514;0.0000;;L_10;21.7793;ByLayer;1.0000;ByLayer;ByLayer;12134.7699;8466.7823;0.0000;0.0000
1;Line;30.69;ByLayer;19.0324;11.2968;0.0000;12134.7699;8466.7823;0.0000;;L_10;22.1325;ByLayer;1.0000;ByLayer;ByLayer;12115.7375;8455.4855;0.0000;0.0000
1;Line;4.69;ByLayer;23.9682;1.9649;0.0000;12048.5250;8435.5191;0.0000;;L_10;24.0486;ByLayer;1.0000;ByLayer;ByLayer;12024.5568;8433.5543;0.0000;0.0000
1;Line;343.86;ByLayer;22.1082;-6.3976;0.0000;11954.6588;8441.3482;0.0000;;L_10;23.0152;ByLayer;1.0000;ByLayer;ByLayer;11932.5506;8447.7458;0.0000;0.0000
1;Line;340.61;ByLayer;21.6951;-7.6378;0.0000;11932.5506;8447.7458;0.0000;;L_10;23.0003;ByLayer;1.0000;ByLayer;ByLayer;11910.8555;8455.3835;0.0000;0.0000
1;Line;348.18;ByLayer;22.6589;-4.7440;0.0000;11977.3177;8436.6042;0.0000;;L_10;23.1502;ByLayer;1.0000;ByLayer;ByLayer;11954.6588;8441.3482;0.0000;0.0000
1;Line;358.06;ByLayer;32.7470;-1.1095;0.0000;12024.5568;8433.5543;0.0000;;L_10;32.7658;ByLayer;1.0000;ByLayer;ByLayer;11991.8098;8434.6637;0.0000;0.0000
1;Line;352.37;ByLayer;14.4921;-1.9405;0.0000;11991.8098;8434.6637;0.0000;;L_10;14.6215;ByLayer;1.0000;ByLayer;ByLayer;11977.3177;8436.6042;0.0000;0.0000
1;Line;78.57;ByLayer;5.0330;24.8829;0.0000;12223.5137;8649.5010;0.0000;;L_10;25.3868;ByLayer;1.0000;ByLayer;ByLayer;12218.4807;8624.6181;0.0000;0.0000
1;Line;76.74;ByLayer;5.7103;24.2376;0.0000;12218.4807;8624.6181;0.0000;;L_10;24.9012;ByLayer;1.0000;ByLayer;ByLayer;12212.7705;8600.3805;0.0000;0.0000
1;Line;79.74;ByLayer;4.5815;25.3131;0.0000;12228.0952;8674.8141;0.0000;;L_10;25.7244;ByLayer;1.0000;ByLayer;ByLayer;12223.5137;8649.5010;0.0000;0.0000
1;Line;57.59;ByLayer;45.3367;71.4253;0.0000;10571.4125;8443.3935;0.0000;;L_10;84.5990;ByLayer;1.0000;ByLayer;ByLayer;10526.0758;8371.9681;0.0000;0.0000
1;Line;80.32;ByLayer;4.3557;25.5282;0.0000;12232.4510;8700.3423;0.0000;;L_10;25.8971;ByLayer;1.0000;ByLayer;ByLayer;12228.0952;8674.8141;0.0000;0.0000
1;Line;74.20;ByLayer;6.6133;23.3772;0.0000;12212.7705;8600.3805;0.0000;;L_10;24.2946;ByLayer;1.0000;ByLayer;ByLayer;12206.1572;8577.0033;0.0000;0.0000
1;Line;54.94;ByLayer;12.4829;17.7847;0.0000;12178.6418;8514.1849;0.0000;;L_10;21.7282;ByLayer;1.0000;ByLayer;ByLayer;12166.1589;8496.4002;0.0000;0.0000
1;Line;47.52;ByLayer;14.5146;15.8488;0.0000;12166.1589;8496.4002;0.0000;;L_10;21.4909;ByLayer;1.0000;ByLayer;ByLayer;12151.6443;8480.5514;0.0000;0.0000
1;Line;61.30;ByLayer;10.6768;19.5055;0.0000;12189.3186;8533.6904;0.0000;;L_10;22.2364;ByLayer;1.0000;ByLayer;ByLayer;12178.6418;8514.1849;0.0000;0.0000
1;Line;70.86;ByLayer;7.7420;22.3017;0.0000;12206.1572;8577.0033;0.0000;;L_10;23.6073;ByLayer;1.0000;ByLayer;ByLayer;12198.4152;8554.7015;0.0000;0.0000
1;Line;66.59;ByLayer;9.0966;21.0111;0.0000;12198.4152;8554.7015;0.0000;;L_10;22.8958;ByLayer;1.0000;ByLayer;ByLayer;12189.3186;8533.6904;0.0000;0.0000
1;Line;338.44;ByLayer;21.4197;-8.4646;0.0000;11910.8555;8455.3835;0.0000;;L_10;23.0316;ByLayer;1.0000;ByLayer;ByLayer;11889.4358;8463.8481;0.0000;0.0000
1;Line;268.76;ByLayer;-0.8494;-39.0958;0.0000;12094.6368;6671.7575;0.0000;;L_8;39.1051;ByLayer;1.0000;ByLayer;ByLayer;12095.4863;6710.8533;0.0000;0.0000
1;Line;269.21;ByLayer;-0.5324;-38.8567;0.0000;12095.4863;6710.8533;0.0000;;L_8;38.8603;ByLayer;1.0000;ByLayer;ByLayer;12096.0187;6749.7101;0.0000;0.0000
1;Line;268.31;ByLayer;-1.1574;-39.3282;0.0000;12093.4794;6632.4293;0.0000;;L_8;39.3452;ByLayer;1.0000;ByLayer;ByLayer;12094.6368;6671.7575;0.0000;0.0000
1;Line;280.21;ByLayer;24.2372;-134.5156;0.0000;11892.3908;8338.2104;0.0000;;L_9;136.6817;ByLayer;1.0000;ByLayer;ByLayer;11868.1537;8472.7261;0.0000;0.0000
1;Line;267.89;ByLayer;-1.4565;-39.5538;0.0000;12092.0230;6592.8755;0.0000;;L_8;39.5806;ByLayer;1.0000;ByLayer;ByLayer;12093.4794;6632.4293;0.0000;0.0000
1;Line;269.69;ByLayer;-0.2064;-38.6108;0.0000;12096.0187;6749.7101;0.0000;;L_8;38.6113;ByLayer;1.0000;ByLayer;ByLayer;12096.2251;6788.3208;0.0000;0.0000
1;Line;271.77;ByLayer;1.1604;-37.6238;0.0000;12094.8048;6902.6246;0.0000;;L_8;37.6417;ByLayer;1.0000;ByLayer;ByLayer;12093.6444;6940.2484;0.0000;0.0000
1;Line;272.29;ByLayer;1.4949;-37.4312;0.0000;12093.6444;6940.2484;0.0000;;L_8;37.4611;ByLayer;1.0000;ByLayer;ByLayer;12092.1495;6977.6796;0.0000;0.0000
1;Line;271.24;ByLayer;0.8193;-37.8469;0.0000;12095.6242;6864.7777;0.0000;;L_8;37.8558;ByLayer;1.0000;ByLayer;ByLayer;12094.8048;6902.6246;0.0000;0.0000
1;Line;270.19;ByLayer;0.1285;-38.3581;0.0000;12096.2251;6788.3208;0.0000;;L_8;38.3583;ByLayer;1.0000;ByLayer;ByLayer;12096.0966;6826.6789;0.0000;0.0000
1;Line;270.71;ByLayer;0.4724;-38.0988;0.0000;12096.0966;6826.6789;0.0000;;L_8;38.1017;ByLayer;1.0000;ByLayer;ByLayer;12095.6242;6864.7777;0.0000;0.0000
1;Line;278.27;ByLayer;14.7330;-101.3729;0.0000;12048.7944;7435.6077;0.0000;;L_9;102.4379;ByLayer;1.0000;ByLayer;ByLayer;12034.0613;7536.9807;0.0000;0.0000
1;Line;278.98;ByLayer;16.3606;-103.4841;0.0000;12034.0613;7536.9807;0.0000;;L_9;104.7694;ByLayer;1.0000;ByLayer;ByLayer;12017.7007;7640.4648;0.0000;0.0000
1;Line;277.41;ByLayer;12.9798;-99.8423;0.0000;12061.7742;7335.7655;0.0000;;L_9;100.6824;ByLayer;1.0000;ByLayer;ByLayer;12048.7944;7435.6077;0.0000;0.0000
1;Line;337.36;ByLayer;21.2821;-8.8780;0.0000;11889.4358;8463.8481;0.0000;;L_10;23.0596;ByLayer;1.0000;ByLayer;ByLayer;11868.1537;8472.7261;0.0000;0.0000
1;Line;276.40;ByLayer;11.1011;-98.8921;0.0000;12072.8753;7236.8734;0.0000;;L_9;99.5132;ByLayer;1.0000;ByLayer;ByLayer;12061.7742;7335.7655;0.0000;0.0000
1;Line;279.55;ByLayer;17.8626;-106.1757;0.0000;12017.7007;7640.4648;0.0000;;L_9;107.6678;ByLayer;1.0000;ByLayer;ByLayer;11999.8381;7746.6405;0.0000;0.0000
1;Line;280.44;ByLayer;22.6147;-122.7471;0.0000;11938.4942;8087.1223;0.0000;;L_9;124.8129;ByLayer;1.0000;ByLayer;ByLayer;11915.8796;8209.8693;0.0000;0.0000
1;Line;280.37;ByLayer;23.4887;-128.3411;0.0000;11915.8796;8209.8693;0.0000;;L_9;130.4728;ByLayer;1.0000;ByLayer;ByLayer;11892.3908;8338.2104;0.0000;0.0000
1;Line;280.40;ByLayer;21.6150;-117.7335;0.0000;11960.1093;7969.3887;0.0000;;L_9;119.7013;ByLayer;1.0000;ByLayer;ByLayer;11938.4942;8087.1223;0.0000;0.0000
1;Line;279.97;ByLayer;19.2390;-109.4478;0.0000;11999.8381;7746.6405;0.0000;;L_9;111.1259;ByLayer;1.0000;ByLayer;ByLayer;11980.5991;7856.0883;0.0000;0.0000
1;Line;280.25;ByLayer;20.4898;-113.3004;0.0000;11980.5991;7856.0883;0.0000;;L_9;115.1383;ByLayer;1.0000;ByLayer;ByLayer;11960.1093;7969.3887;0.0000;0.0000
1;Line;56.04;ByLayer;153.6054;228.0556;0.0000;10968.5552;9048.4049;0.0000;;L_3;274.9618;ByLayer;1.0000;ByLayer;ByLayer;10814.9498;8820.3493;0.0000;0.0000
1;Line;56.80;ByLayer;102.0301;155.9412;0.0000;10814.9498;8820.3493;0.0000;;L_3;186.3540;ByLayer;1.0000;ByLayer;ByLayer;10712.9197;8664.4081;0.0000;0.0000
1;Line;55.15;ByLayer;84.2693;121.0304;0.0000;11052.8245;9169.4353;0.0000;;L_3;147.4777;ByLayer;1.0000;ByLayer;ByLayer;10968.5552;9048.4049;0.0000;0.0000
1;Line;49.03;ByLayer;67.3519;77.5505;0.0000;11254.2948;9424.4719;0.0000;;L_3;102.7149;ByLayer;1.0000;ByLayer;ByLayer;11186.9429;9346.9215;0.0000;0.0000
1;Line;52.92;ByLayer;134.1184;177.4861;0.0000;11186.9429;9346.9215;0.0000;;L_3;222.4614;ByLayer;1.0000;ByLayer;ByLayer;11052.8245;9169.4353;0.0000;0.0000
1;Line;57.42;ByLayer;186.8439;292.4399;0.0000;10712.9197;8664.4081;0.0000;;L_3;347.0328;ByLayer;1.0000;ByLayer;ByLayer;10526.0758;8371.9681;0.0000;0.0000
1;Line;280.98;ByLayer;23.5075;-121.2173;0.0000;11804.1790;8833.0270;0.0000;;L_10;123.4757;ByLayer;1.0000;ByLayer;ByLayer;11780.6715;8954.2443;0.0000;0.0000
1;Line;282.16;ByLayer;25.3035;-117.4586;0.0000;11780.6715;8954.2443;0.0000;;L_10;120.1532;ByLayer;1.0000;ByLayer;ByLayer;11755.3679;9071.7030;0.0000;0.0000
1;Line;280.25;ByLayer;22.1369;-122.3705;0.0000;11826.3159;8710.6565;0.0000;;L_10;124.3567;ByLayer;1.0000;ByLayer;ByLayer;11804.1790;8833.0270;0.0000;0.0000
1;Line;280.01;ByLayer;20.6461;-117.0121;0.0000;11868.1537;8472.7261;0.0000;;L_10;118.8196;ByLayer;1.0000;ByLayer;ByLayer;11847.5075;8589.7382;0.0000;0.0000
1;Line;279.94;ByLayer;21.1917;-120.9183;0.0000;11847.5075;8589.7382;0.0000;;L_10;122.7612;ByLayer;1.0000;ByLayer;ByLayer;11826.3159;8710.6565;0.0000;0.0000
1;Line;330.96;ByLayer;24.1446;-13.4064;0.0000;11547.5633;9547.9656;0.0000;;L_3;27.6169;ByLayer;1.0000;ByLayer;ByLayer;11523.4186;9561.3720;0.0000;0.0000
1;Line;343.38;ByLayer;25.3953;-7.5806;0.0000;11523.4186;9561.3720;0.0000;;L_3;26.5025;ByLayer;1.0000;ByLayer;ByLayer;11498.0234;9568.9526;0.0000;0.0000
1;Line;316.17;ByLayer;44.7542;-42.9618;0.0000;11592.3175;9505.0038;0.0000;;L_3;62.0376;ByLayer;1.0000;ByLayer;ByLayer;11547.5633;9547.9656;0.0000;0.0000
1;Line;294.81;ByLayer;36.4844;-78.9403;0.0000;11669.2042;9363.7838;0.0000;;L_3;86.9637;ByLayer;1.0000;ByLayer;ByLayer;11632.7199;9442.7241;0.0000;0.0000
1;Line;302.97;ByLayer;40.4024;-62.2796;0.0000;11632.7199;9442.7241;0.0000;;L_3;74.2368;ByLayer;1.0000;ByLayer;ByLayer;11592.3175;9505.0038;0.0000;0.0000
1;Line;357.82;ByLayer;30.1543;-1.1488;0.0000;11498.0234;9568.9526;0.0000;;L_3;30.1762;ByLayer;1.0000;ByLayer;ByLayer;11467.8691;9570.1014;0.0000;0.0000
1;Line;37.29;ByLayer;63.3927;48.2800;0.0000;11383.6529;9537.6236;0.0000;;L_3;79.6843;ByLayer;1.0000;ByLayer;ByLayer;11320.2602;9489.3436;0.0000;0.0000
1;Line;44.52;ByLayer;65.9654;64.8717;0.0000;11320.2602;9489.3436;0.0000;;L_3;92.5190;ByLayer;1.0000;ByLayer;ByLayer;11254.2948;9424.4719;0.0000;0.0000
1;Line;28.81;ByLayer;30.3609;16.6954;0.0000;11414.0137;9554.3190;0.0000;;L_3;34.6485;ByLayer;1.0000;ByLayer;ByLayer;11383.6529;9537.6236;0.0000;0.0000
1;Line;10.83;ByLayer;24.5824;4.7023;0.0000;11467.8691;9570.1014;0.0000;;L_3;25.0281;ByLayer;1.0000;ByLayer;ByLayer;11443.2866;9565.3991;0.0000;0.0000
1;Line;20.73;ByLayer;29.2729;11.0801;0.0000;11443.2866;9565.3991;0.0000;;L_3;31.2997;ByLayer;1.0000;ByLayer;ByLayer;11414.0137;9554.3190;0.0000;0.0000
1;Line;283.92;ByLayer;27.5249;-111.0945;0.0000;11755.3679;9071.7030;0.0000;;L_10;114.4535;ByLayer;1.0000;ByLayer;ByLayer;11727.8430;9182.7975;0.0000;0.0000
1;Line;55.65;ByLayer;60.5256;88.5708;0.0000;10984.7469;9071.9779;0.0000;;L_10;107.2760;ByLayer;1.0000;ByLayer;ByLayer;10924.2212;8983.4070;0.0000;0.0000
1;Line;56.01;ByLayer;57.1540;84.7707;0.0000;10924.2212;8983.4070;0.0000;;L_10;102.2383;ByLayer;1.0000;ByLayer;ByLayer;10867.0672;8898.6363;0.0000;0.0000
1;Line;55.09;ByLayer;63.8028;91.4420;0.0000;11048.5496;9163.4198;0.0000;;L_10;111.5008;ByLayer;1.0000;ByLayer;ByLayer;10984.7469;9071.9779;0.0000;0.0000
1;Line;52.13;ByLayer;67.0801;86.2522;0.0000;11181.6528;9340.4375;0.0000;;L_10;109.2665;ByLayer;1.0000;ByLayer;ByLayer;11114.5727;9254.1853;0.0000;0.0000
1;Line;53.97;ByLayer;66.0230;90.7655;0.0000;11114.5727;9254.1853;0.0000;;L_10;112.2382;ByLayer;1.0000;ByLayer;ByLayer;11048.5496;9163.4198;0.0000;0.0000
1;Line;56.35;ByLayer;54.1997;81.4344;0.0000;10867.0672;8898.6363;0.0000;;L_10;97.8221;ByLayer;1.0000;ByLayer;ByLayer;10812.8675;8817.2019;0.0000;0.0000
1;Line;57.39;ByLayer;46.6028;72.8552;0.0000;10663.7740;8588.1506;0.0000;;L_10;86.4853;ByLayer;1.0000;ByLayer;ByLayer;10617.1712;8515.2954;0.0000;0.0000
1;Line;57.53;ByLayer;45.7587;71.9019;0.0000;10617.1712;8515.2954;0.0000;;L_10;85.2276;ByLayer;1.0000;ByLayer;ByLayer;10571.4125;8443.3935;0.0000;0.0000
1;Line;57.20;ByLayer;47.8690;74.2851;0.0000;10711.6430;8662.4357;0.0000;;L_10;88.3725;ByLayer;1.0000;ByLayer;ByLayer;10663.7740;8588.1506;0.0000;0.0000
1;Line;56.67;ByLayer;51.6674;78.5747;0.0000;10812.8675;8817.2019;0.0000;;L_10;94.0399;ByLayer;1.0000;ByLayer;ByLayer;10761.2001;8738.6272;0.0000;0.0000
1;Line;56.96;ByLayer;49.5571;76.1915;0.0000;10761.2001;8738.6272;0.0000;;L_10;90.8904;ByLayer;1.0000;ByLayer;ByLayer;10711.6430;8662.4357;0.0000;0.0000
1;Line;304.31;ByLayer;40.6643;-59.5831;0.0000;11627.6860;9451.8412;0.0000;;L_10;72.1369;ByLayer;1.0000;ByLayer;ByLayer;11587.0216;9511.4243;0.0000;0.0000
1;Line;318.24;ByLayer;45.0127;-40.1916;0.0000;11587.0216;9511.4243;0.0000;;L_10;60.3449;ByLayer;1.0000;ByLayer;ByLayer;11542.0090;9551.6158;0.0000;0.0000
1;Line;295.69;ByLayer;36.7414;-76.3692;0.0000;11664.4274;9375.4720;0.0000;;L_10;84.7477;ByLayer;1.0000;ByLayer;ByLayer;11627.6860;9451.8412;0.0000;0.0000
1;Line;286.46;ByLayer;30.1717;-102.1248;0.0000;11727.8430;9182.7975;0.0000;;L_10;106.4886;ByLayer;1.0000;ByLayer;ByLayer;11697.6713;9284.9223;0.0000;0.0000
1;Line;290.16;ByLayer;33.2439;-90.5497;0.0000;11697.6713;9284.9223;0.0000;;L_10;96.4594;ByLayer;1.0000;ByLayer;ByLayer;11664.4274;9375.4720;0.0000;0.0000
1;Line;339.93;ByLayer;49.7864;-18.1946;0.0000;11542.0090;9551.6158;0.0000;;L_10;53.0068;ByLayer;1.0000;ByLayer;ByLayer;11492.2226;9569.8104;0.0000;0.0000
1;Line;45.00;ByLayer;65.7047;65.7150;0.0000;11314.3314;9484.0546;0.0000;;L_10;92.9277;ByLayer;1.0000;ByLayer;ByLayer;11248.6267;9418.3395;0.0000;0.0000
1;Line;49.31;ByLayer;66.9740;77.9020;0.0000;11248.6267;9418.3395;0.0000;;L_10;102.7338;ByLayer;1.0000;ByLayer;ByLayer;11181.6528;9340.4375;0.0000;0.0000
1;Line;38.14;ByLayer;63.2722;49.6912;0.0000;11377.6035;9533.7457;0.0000;;L_10;80.4524;ByLayer;1.0000;ByLayer;ByLayer;11314.3314;9484.0546;0.0000;0.0000
1;Line;6.47;ByLayer;54.9426;6.2342;0.0000;11492.2226;9569.8104;0.0000;;L_10;55.2952;ByLayer;1.0000;ByLayer;ByLayer;11437.2800;9563.5762;0.0000;0.0000
1;Line;26.56;ByLayer;59.6765;29.8305;0.0000;11437.2800;9563.5762;0.0000;;L_10;66.7169;ByLayer;1.0000;ByLayer;ByLayer;11377.6035;9533.7457;0.0000;0.0000
1;Line;109.15;ByLayer;-1765.8577;5085.9346;0.0000;11669.0811;10322.9319;0.0000;;L_11;5383.7705;ByLayer;1.0000;ByLayer;ByLayer;13434.9388;5236.9972;0.0000;0.0000
1;Line;180.00;ByLayer;-1206.9452;0.0000;0.0000;13434.9388;5236.9972;0.0000;;L_11;1206.9452;ByLayer;1.0000;ByLayer;ByLayer;14641.8841;5236.9972;0.0000;0.0000
1;Line;300.31;ByLayer;2972.8029;-5085.9346;0.0000;14641.8841;5236.9972;0.0000;;L_11;5891.0346;ByLayer;1.0000;ByLayer;ByLayer;11669.0811;10322.9319;0.0000;0.0000
1;Line;261.78;ByLayer;-2.1250;-14.7084;0.0000;11958.8521;5369.4490;0.0000;;L_4;14.8611;ByLayer;1.0000;ByLayer;ByLayer;11960.9771;5384.1574;0.0000;0.0000
1;Line;261.79;ByLayer;-2.1214;-14.7057;0.0000;11960.9771;5384.1574;0.0000;;L_4;14.8579;ByLayer;1.0000;ByLayer;ByLayer;11963.0985;5398.8631;0.0000;0.0000
1;Line;289.15;ByLayer;563.3699;-1622.5896;0.0000;12232.4510;8700.3423;0.0000;;L_10;1717.6095;ByLayer;1.0000;ByLayer;ByLayer;11669.0811;10322.9319;0.0000;0.0000
1;Line;109.15;ByLayer;-525.4714;1513.4365;0.0000;12552.0100;7779.9646;0.0000;;L_7;1602.0643;ByLayer;1.0000;ByLayer;ByLayer;13077.4814;6266.5281;0.0000;0.0000
1;Line;0.36;ByLayer;825.8472;5.1610;0.0000;13077.4814;6266.5281;0.0000;;L_7;825.8633;ByLayer;1.0000;ByLayer;ByLayer;12251.6342;6261.3671;0.0000;0.0000
1;Line;289.15;ByLayer;281.6717;-811.2567;0.0000;12552.0100;7779.9646;0.0000;;L_8;858.7645;ByLayer;1.0000;ByLayer;ByLayer;12270.3383;8591.2213;0.0000;0.0000
1;Line;239.64;ByLayer;-1143.0053;-1950.9637;0.0000;10526.0758;8371.9681;0.0000;;L_10;2261.1326;ByLayer;1.0000;ByLayer;ByLayer;11669.0811;10322.9319;0.0000;0.0000
1;Line;289.15;ByLayer;37.8873;-109.1210;0.0000;12270.3383;8591.2213;0.0000;;L_9;115.5112;ByLayer;1.0000;ByLayer;ByLayer;12232.4510;8700.3423;0.0000;0.0000
1;Line;261.73;ByLayer;-2.1406;-14.7202;0.0000;11941.7667;5251.7177;0.0000;;L_4;14.8750;ByLayer;1.0000;ByLayer;ByLayer;11943.9074;5266.4379;0.0000;0.0000
1;Line;261.73;ByLayer;-2.1399;-14.7196;0.0000;11943.9074;5266.4379;0.0000;;L_4;14.8744;ByLayer;1.0000;ByLayer;ByLayer;11946.0473;5281.1575;0.0000;0.0000
1;Line;261.72;ByLayer;-2.1410;-14.7204;0.0000;11939.6257;5236.9972;0.0000;;L_4;14.8753;ByLayer;1.0000;ByLayer;ByLayer;11941.7667;5251.7177;0.0000;0.0000
1;Line;266.24;ByLayer;-6.8980;-104.9085;0.0000;12080.0201;6384.4112;0.0000;;L_7;105.1350;ByLayer;1.0000;ByLayer;ByLayer;12086.9181;6489.3197;0.0000;0.0000
1;Line;267.18;ByLayer;-5.1049;-103.5558;0.0000;12086.9181;6489.3197;0.0000;;L_7;103.6815;ByLayer;1.0000;ByLayer;ByLayer;12092.0230;6592.8755;0.0000;0.0000
1;Line;261.73;ByLayer;-2.1389;-14.7188;0.0000;11946.0473;5281.1575;0.0000;;L_4;14.8734;ByLayer;1.0000;ByLayer;ByLayer;11948.1862;5295.8763;0.0000;0.0000
1;Line;261.76;ByLayer;-2.1310;-14.7129;0.0000;11954.5928;5340.0253;0.0000;;L_4;14.8665;ByLayer;1.0000;ByLayer;ByLayer;11956.7239;5354.7383;0.0000;0.0000
1;Line;261.77;ByLayer;-2.1282;-14.7108;0.0000;11956.7239;5354.7383;0.0000;;L_4;14.8639;ByLayer;1.0000;ByLayer;ByLayer;11958.8521;5369.4490;0.0000;0.0000
1;Line;261.75;ByLayer;-2.1335;-14.7148;0.0000;11952.4593;5325.3105;0.0000;;L_4;14.8687;ByLayer;1.0000;ByLayer;ByLayer;11954.5928;5340.0253;0.0000;0.0000
1;Line;261.74;ByLayer;-2.1374;-14.7178;0.0000;11948.1862;5295.8763;0.0000;;L_4;14.8722;ByLayer;1.0000;ByLayer;ByLayer;11950.3236;5310.5941;0.0000;0.0000
1;Line;261.74;ByLayer;-2.1357;-14.7164;0.0000;11950.3236;5310.5941;0.0000;;L_4;14.8706;ByLayer;1.0000;ByLayer;ByLayer;11952.4593;5325.3105;0.0000;0.0000
1;Line;97.32;ByLayer;-110.7575;862.5040;0.0000;12251.6342;6261.3671;0.0000;;L_7;869.5863;ByLayer;1.0000;ByLayer;ByLayer;12362.3917;5398.8631;0.0000;0.0000
1;Line;37.01;ByLayer;2231.3017;1682.0851;0.0000;11635.9830;8139.9763;0.0000;;L_3;2794.3010;ByLayer;1.0000;ByLayer;ByLayer;9404.6813;6457.8912;0.0000;0.0000
1;Line;59.64;ByLayer;1121.3946;1914.0769;0.0000;10526.0758;8371.9681;0.0000;;L_3;2218.3815;ByLayer;1.0000;ByLayer;ByLayer;9404.6813;6457.8912;0.0000;0.0000
1;Line;270.18;ByLayer;8.9561;-2902.9791;0.0000;11644.9391;5236.9972;0.0000;;L_3;2902.9929;ByLayer;1.0000;ByLayer;ByLayer;11635.9830;8139.9763;0.0000;0.0000
1;Line;0.00;ByLayer;1415.6398;0.0000;0.0000;13378.7383;5398.8631;0.0000;;L_4;1415.6398;ByLayer;1.0000;ByLayer;ByLayer;11963.0985;5398.8631;0.0000;0.0000
1;Line;0.00;ByLayer;294.6866;0.0000;0.0000;11939.6257;5236.9972;0.0000;;L_3;294.6866;ByLayer;1.0000;ByLayer;ByLayer;11644.9391;5236.9972;0.0000;0.0000
1;Line;217.01;ByLayer;-2231.3017;-1682.0851;0.0000;9404.6813;6457.8912;0.0000;;L_2;2794.3010;ByLayer;1.0000;ByLayer;ByLayer;11635.9830;8139.9763;0.0000;0.0000
1;Line;151.41;ByLayer;-2240.2579;1220.8940;0.0000;9404.6813;6457.8912;0.0000;;L_1;2551.3403;ByLayer;1.0000;ByLayer;ByLayer;11644.9391;5236.9972;0.0000;0.0000
1;Line;0.00;ByLayer;2955.5394;0.0000;0.0000;11644.9391;5236.9972;0.0000;;L_1;2955.5394;ByLayer;1.0000;ByLayer;ByLayer;8689.3998;5236.9972;0.0000;0.0000
1;Line;239.64;ByLayer;-715.2815;-1220.8940;0.0000;8689.3998;5236.9972;0.0000;;L_1;1414.9946;ByLayer;1.0000;ByLayer;ByLayer;9404.6813;6457.8912;0.0000;0.0000
1;Line;90.18;ByLayer;-8.9561;2902.9791;0.0000;11635.9830;8139.9763;0.0000;;L_2;2902.9929;ByLayer;1.0000;ByLayer;ByLayer;11644.9391;5236.9972;0.0000;0.0000
1;Line;331.41;ByLayer;2240.2579;-1220.8940;0.0000;11644.9391;5236.9972;0.0000;;L_2;2551.3403;ByLayer;1.0000;ByLayer;ByLayer;9404.6813;6457.8912;0.0000;0.0000
1;Line;97.32;ByLayer;-30.7514;239.4709;0.0000;12251.6342;6261.3671;0.0000;;L_6;241.4373;ByLayer;1.0000;ByLayer;ByLayer;12282.3856;6021.8961;0.0000;0.0000
1;Line;179.94;ByLayer;-880.3407;0.8862;0.0000;12282.3856;6021.8961;0.0000;;L_6;880.3412;ByLayer;1.0000;ByLayer;ByLayer;13162.7263;6021.0100;0.0000;0.0000
1;Line;0.36;ByLayer;825.8472;5.1610;0.0000;13077.4814;6266.5281;0.0000;;L_6;825.8633;ByLayer;1.0000;ByLayer;ByLayer;12251.6342;6261.3671;0.0000;0.0000
1;Line;0.00;ByLayer;399.2932;0.0000;0.0000;12362.3917;5398.8631;0.0000;;L_7;399.2932;ByLayer;1.0000;ByLayer;ByLayer;11963.0985;5398.8631;0.0000;0.0000
1;Line;289.15;ByLayer;85.2449;-245.5181;0.0000;13162.7263;6021.0100;0.0000;;L_6;259.8959;ByLayer;1.0000;ByLayer;ByLayer;13077.4814;6266.5281;0.0000;0.0000
1;Line;289.15;ByLayer;216.0120;-622.1469;0.0000;13378.7383;5398.8631;0.0000;;L_5;658.5802;ByLayer;1.0000;ByLayer;ByLayer;13162.7263;6021.0100;0.0000;0.0000
1;Line;180.00;ByLayer;-1495.3131;0.0000;0.0000;11939.6257;5236.9972;0.0000;;L_4;1495.3131;ByLayer;1.0000;ByLayer;ByLayer;13434.9388;5236.9972;0.0000;0.0000
1;Line;289.15;ByLayer;56.2005;-161.8659;0.0000;13434.9388;5236.9972;0.0000;;L_4;171.3448;ByLayer;1.0000;ByLayer;ByLayer;13378.7383;5398.8631;0.0000;0.0000
1;Line;180.00;ByLayer;-1016.3466;0.0000;0.0000;12362.3917;5398.8631;0.0000;;L_5;1016.3466;ByLayer;1.0000;ByLayer;ByLayer;13378.7383;5398.8631;0.0000;0.0000
1;Line;359.94;ByLayer;880.3407;-0.8862;0.0000;13162.7263;6021.0100;0.0000;;L_5;880.3412;ByLayer;1.0000;ByLayer;ByLayer;12282.3856;6021.8961;0.0000;0.0000
1;Line;97.32;ByLayer;-80.0061;623.0330;0.0000;12282.3856;6021.8961;0.0000;;L_5;628.1490;ByLayer;1.0000;ByLayer;ByLayer;12362.3917;5398.8631;0.0000;0.0000
1;Line;98.56;ByLayer;-7.9691;52.9429;0.0000;12631.0436;7407.6474;0.0000;;L_8;53.5393;ByLayer;1.0000;ByLayer;ByLayer;12639.0127;7354.7045;0.0000;0.0000
1;Line;96.83;ByLayer;-9.0134;75.2079;0.0000;12639.0127;7354.7045;0.0000;;L_8;75.7461;ByLayer;1.0000;ByLayer;ByLayer;12648.0261;7279.4965;0.0000;0.0000
1;Line;99.77;ByLayer;-9.1316;53.0287;0.0000;12621.9120;7460.6761;0.0000;;L_8;53.8092;ByLayer;1.0000;ByLayer;ByLayer;12631.0436;7407.6474;0.0000;0.0000
1;Line;101.65;ByLayer;-10.9584;53.1636;0.0000;12600.8256;7566.9420;0.0000;;L_8;54.2813;ByLayer;1.0000;ByLayer;ByLayer;12611.7840;7513.7784;0.0000;0.0000
1;Line;100.80;ByLayer;-10.1280;53.1023;0.0000;12611.7840;7513.7784;0.0000;;L_8;54.0595;ByLayer;1.0000;ByLayer;ByLayer;12621.9120;7460.6761;0.0000;0.0000
1;Line;95.19;ByLayer;-2.7597;30.3796;0.0000;12648.0261;7279.4965;0.0000;;L_8;30.5047;ByLayer;1.0000;ByLayer;ByLayer;12650.7858;7249.1170;0.0000;0.0000
1;Line;83.75;ByLayer;5.9509;54.3523;0.0000;12652.4514;7089.7149;0.0000;;L_8;54.6771;ByLayer;1.0000;ByLayer;ByLayer;12646.5006;7035.3627;0.0000;0.0000
1;Line;79.59;ByLayer;10.1708;55.3765;0.0000;12646.5006;7035.3627;0.0000;;L_8;56.3028;ByLayer;1.0000;ByLayer;ByLayer;12636.3297;6979.9861;0.0000;0.0000
1;Line;87.53;ByLayer;2.3111;53.5771;0.0000;12654.7625;7143.2920;0.0000;;L_8;53.6269;ByLayer;1.0000;ByLayer;ByLayer;12652.4514;7089.7149;0.0000;0.0000
1;Line;93.50;ByLayer;-3.2281;52.7740;0.0000;12650.7858;7249.1170;0.0000;;L_8;52.8726;ByLayer;1.0000;ByLayer;ByLayer;12654.0139;7196.3430;0.0000;0.0000
1;Line;90.81;ByLayer;-0.7486;53.0510;0.0000;12654.0139;7196.3430;0.0000;;L_8;53.0563;ByLayer;1.0000;ByLayer;ByLayer;12654.7625;7143.2920;0.0000;0.0000
1;Line;274.28;ByLayer;2.7667;-36.9666;0.0000;12085.7240;7089.1235;0.0000;;L_8;37.0699;ByLayer;1.0000;ByLayer;ByLayer;12082.9573;7126.0900;0.0000;0.0000
1;Line;274.75;ByLayer;3.0681;-36.9268;0.0000;12082.9573;7126.0900;0.0000;;L_8;37.0540;ByLayer;1.0000;ByLayer;ByLayer;12079.8893;7163.0168;0.0000;0.0000
1;Line;273.80;ByLayer;2.4587;-37.0369;0.0000;12088.1827;7052.0866;0.0000;;L_8;37.1184;ByLayer;1.0000;ByLayer;ByLayer;12085.7240;7089.1235;0.0000;0.0000
1;Line;272.80;ByLayer;1.8228;-37.2692;0.0000;12092.1495;6977.6796;0.0000;;L_8;37.3138;ByLayer;1.0000;ByLayer;ByLayer;12090.3267;7014.9488;0.0000;0.0000
1;Line;273.30;ByLayer;2.1440;-37.1378;0.0000;12090.3267;7014.9488;0.0000;;L_8;37.1996;ByLayer;1.0000;ByLayer;ByLayer;12088.1827;7052.0866;0.0000;0.0000
1;Line;275.20;ByLayer;3.3629;-36.9176;0.0000;12079.8893;7163.0168;0.0000;;L_8;37.0705;ByLayer;1.0000;ByLayer;ByLayer;12076.5264;7199.9345;0.0000;0.0000
1;Line;102.82;ByLayer;-12.1209;53.2495;0.0000;12577.0821;7673.4042;0.0000;;L_8;54.6116;ByLayer;1.0000;ByLayer;ByLayer;12589.2030;7620.1547;0.0000;0.0000
1;Line;102.32;ByLayer;-11.6227;53.2127;0.0000;12589.2030;7620.1547;0.0000;;L_8;54.4672;ByLayer;1.0000;ByLayer;ByLayer;12600.8256;7566.9420;0.0000;0.0000
1;Line;103.16;ByLayer;-12.4530;53.2740;0.0000;12564.6291;7726.6783;0.0000;;L_8;54.7101;ByLayer;1.0000;ByLayer;ByLayer;12577.0821;7673.4042;0.0000;0.0000
1;Line;275.64;ByLayer;3.6511;-36.9390;0.0000;12076.5264;7199.9345;0.0000;;L_8;37.1190;ByLayer;1.0000;ByLayer;ByLayer;12072.8753;7236.8734;0.0000;0.0000
1;Line;103.32;ByLayer;-12.6191;53.2863;0.0000;12552.0100;7779.9646;0.0000;;L_8;54.7601;ByLayer;1.0000;ByLayer;ByLayer;12564.6291;7726.6783;0.0000;0.0000
1;Line;76.07;ByLayer;8.5659;34.5412;0.0000;12636.3297;6979.9861;0.0000;;L_8;35.5875;ByLayer;1.0000;ByLayer;ByLayer;12627.7639;6945.4450;0.0000;0.0000
1;Line;262.03;ByLayer;-15.6029;-111.4756;0.0000;11979.0846;5510.6277;0.0000;;L_7;112.5622;ByLayer;1.0000;ByLayer;ByLayer;11994.6875;5622.1033;0.0000;0.0000
1;Line;262.28;ByLayer;-15.0631;-111.0683;0.0000;11994.6875;5622.1033;0.0000;;L_7;112.0851;ByLayer;1.0000;ByLayer;ByLayer;12009.7506;5733.1716;0.0000;0.0000
1;Line;261.86;ByLayer;-15.9861;-111.7646;0.0000;11963.0985;5398.8631;0.0000;;L_7;112.9021;ByLayer;1.0000;ByLayer;ByLayer;11979.0846;5510.6277;0.0000;0.0000
1;Line;342.49;ByLayer;52.9351;-16.7037;0.0000;12198.4252;6555.9372;0.0000;;L_8;55.5080;ByLayer;1.0000;ByLayer;ByLayer;12145.4901;6572.6409;0.0000;0.0000
1;Line;339.27;ByLayer;53.4672;-20.2346;0.0000;12145.4901;6572.6409;0.0000;;L_8;57.1680;ByLayer;1.0000;ByLayer;ByLayer;12092.0230;6592.8755;0.0000;0.0000
1;Line;262.60;ByLayer;-14.3666;-110.5429;0.0000;12009.7506;5733.1716;0.0000;;L_7;111.4726;ByLayer;1.0000;ByLayer;ByLayer;12024.1172;5843.7145;0.0000;0.0000
1;Line;264.67;ByLayer;-10.0141;-107.2594;0.0000;12061.4716;6171.0088;0.0000;;L_7;107.7258;ByLayer;1.0000;ByLayer;ByLayer;12071.4857;6278.2682;0.0000;0.0000
1;Line;265.40;ByLayer;-8.5344;-106.1430;0.0000;12071.4857;6278.2682;0.0000;;L_7;106.4856;ByLayer;1.0000;ByLayer;ByLayer;12080.0201;6384.4112;0.0000;0.0000
1;Line;264.02;ByLayer;-11.3372;-108.2575;0.0000;12050.1343;6062.7513;0.0000;;L_7;108.8495;ByLayer;1.0000;ByLayer;ByLayer;12061.4716;6171.0088;0.0000;0.0000
1;Line;262.99;ByLayer;-13.5135;-109.8993;0.0000;12024.1172;5843.7145;0.0000;;L_7;110.7270;ByLayer;1.0000;ByLayer;ByLayer;12037.6307;5953.6138;0.0000;0.0000
1;Line;263.46;ByLayer;-12.5037;-109.1375;0.0000;12037.6307;5953.6138;0.0000;;L_7;109.8514;ByLayer;1.0000;ByLayer;ByLayer;12050.1343;6062.7513;0.0000;0.0000
1;Line;57.28;ByLayer;33.0473;51.4445;0.0000;12547.7485;6754.1606;0.0000;;L_8;61.1446;ByLayer;1.0000;ByLayer;ByLayer;12514.7012;6702.7160;0.0000;0.0000
1;Line;51.73;ByLayer;36.7487;46.5776;0.0000;12514.7012;6702.7160;0.0000;;L_8;59.3291;ByLayer;1.0000;ByLayer;ByLayer;12477.9526;6656.1385;0.0000;0.0000
1;Line;62.13;ByLayer;29.0145;54.8772;0.0000;12576.7630;6809.0377;0.0000;;L_8;62.0753;ByLayer;1.0000;ByLayer;ByLayer;12547.7485;6754.1606;0.0000;0.0000
1;Line;71.67;ByLayer;26.3507;79.5318;0.0000;12627.7639;6945.4450;0.0000;;L_8;83.7834;ByLayer;1.0000;ByLayer;ByLayer;12601.4132;6865.9132;0.0000;0.0000
1;Line;66.57;ByLayer;24.6502;56.8755;0.0000;12601.4132;6865.9132;0.0000;;L_8;61.9875;ByLayer;1.0000;ByLayer;ByLayer;12576.7630;6809.0377;0.0000;0.0000
1;Line;45.11;ByLayer;40.1186;40.2763;0.0000;12477.9526;6656.1385;0.0000;;L_8;56.8479;ByLayer;1.0000;ByLayer;ByLayer;12437.8340;6615.8622;0.0000;0.0000
1;Line;358.12;ByLayer;29.3940;-0.9651;0.0000;12279.6901;6545.3300;0.0000;;L_8;29.4099;ByLayer;1.0000;ByLayer;ByLayer;12250.2961;6546.2952;0.0000;0.0000
1;Line;349.47;ByLayer;51.8709;-9.6420;0.0000;12250.2961;6546.2952;0.0000;;L_8;52.7595;ByLayer;1.0000;ByLayer;ByLayer;12198.4252;6555.9372;0.0000;0.0000
1;Line;11.94;ByLayer;69.1227;14.6208;0.0000;12348.8129;6559.9508;0.0000;;L_8;70.6521;ByLayer;1.0000;ByLayer;ByLayer;12279.6901;6545.3300;0.0000;0.0000
1;Line;37.02;ByLayer;43.1571;32.5407;0.0000;12437.8340;6615.8622;0.0000;;L_8;54.0502;ByLayer;1.0000;ByLayer;ByLayer;12394.6769;6583.3215;0.0000;0.0000
1;Line;27.00;ByLayer;45.8641;23.3707;0.0000;12394.6769;6583.3215;0.0000;;L_8;51.4752;ByLayer;1.0000;ByLayer;ByLayer;12348.8129;6559.9508;0.0000;0.0000
1;Line;73.68;ByLayer;6.4106;21.8913;0.0000;12409.3802;7296.0538;0.0000;;L_9;22.8106;ByLayer;1.0000;ByLayer;ByLayer;12402.9696;7274.1625;0.0000;0.0000
1;Line;70.16;ByLayer;7.3733;20.4351;0.0000;12402.9696;7274.1625;0.0000;;L_9;21.7246;ByLayer;1.0000;ByLayer;ByLayer;12395.5963;7253.7274;0.0000;0.0000
1;Line;76.58;ByLayer;5.5218;23.1406;0.0000;12414.9020;7319.1944;0.0000;;L_9;23.7903;ByLayer;1.0000;ByLayer;ByLayer;12409.3802;7296.0538;0.0000;0.0000
1;Line;80.99;ByLayer;3.9657;25.0186;0.0000;12423.5745;7368.3961;0.0000;;L_9;25.3310;ByLayer;1.0000;ByLayer;ByLayer;12419.6088;7343.3775;0.0000;0.0000
1;Line;78.99;ByLayer;4.7068;24.1831;0.0000;12419.6088;7343.3775;0.0000;;L_9;24.6369;ByLayer;1.0000;ByLayer;ByLayer;12414.9020;7319.1944;0.0000;0.0000
1;Line;65.87;ByLayer;8.4098;18.7720;0.0000;12395.5963;7253.7274;0.0000;;L_9;20.5697;ByLayer;1.0000;ByLayer;ByLayer;12387.1865;7234.9554;0.0000;0.0000
1;Line;37.09;ByLayer;13.2943;10.0507;0.0000;12354.9996;7190.6870;0.0000;;L_9;16.6659;ByLayer;1.0000;ByLayer;ByLayer;12341.7053;7180.6363;0.0000;0.0000
1;Line;27.74;ByLayer;11.4690;6.0327;0.0000;12341.7053;7180.6363;0.0000;;L_9;12.9588;ByLayer;1.0000;ByLayer;ByLayer;12330.2363;7174.6037;0.0000;0.0000
1;Line;46.35;ByLayer;11.9624;12.5413;0.0000;12366.9620;7203.2283;0.0000;;L_9;17.3316;ByLayer;1.0000;ByLayer;ByLayer;12354.9996;7190.6870;0.0000;0.0000
1;Line;60.61;ByLayer;9.5202;16.9020;0.0000;12387.1865;7234.9554;0.0000;;L_9;19.3987;ByLayer;1.0000;ByLayer;ByLayer;12377.6663;7218.0534;0.0000;0.0000
1;Line;54.17;ByLayer;10.7044;14.8251;0.0000;12377.6663;7218.0534;0.0000;;L_9;18.2857;ByLayer;1.0000;ByLayer;ByLayer;12366.9620;7203.2283;0.0000;0.0000
1;Line;88.71;ByLayer;0.5578;24.7152;0.0000;12437.3058;7574.3821;0.0000;;L_9;24.7215;ByLayer;1.0000;ByLayer;ByLayer;12436.7481;7549.6669;0.0000;0.0000
1;Line;88.03;ByLayer;1.2878;37.4321;0.0000;12436.7481;7549.6669;0.0000;;L_9;37.4542;ByLayer;1.0000;ByLayer;ByLayer;12435.4602;7512.2349;0.0000;0.0000
1;Line;89.27;ByLayer;0.3112;24.2595;0.0000;12437.6170;7598.6416;0.0000;;L_9;24.2615;ByLayer;1.0000;ByLayer;ByLayer;12437.3058;7574.3821;0.0000;0.0000
1;Line;90.41;ByLayer;-0.1662;23.4180;0.0000;12437.5207;7645.8866;0.0000;;L_9;23.4186;ByLayer;1.0000;ByLayer;ByLayer;12437.6869;7622.4686;0.0000;0.0000
1;Line;89.83;ByLayer;0.0699;23.8270;0.0000;12437.6869;7622.4686;0.0000;;L_9;23.8271;ByLayer;1.0000;ByLayer;ByLayer;12437.6170;7598.6416;0.0000;0.0000
1;Line;87.49;ByLayer;0.5900;13.4537;0.0000;12435.4602;7512.2349;0.0000;;L_9;13.4666;ByLayer;1.0000;ByLayer;ByLayer;12434.8702;7498.7812;0.0000;0.0000
1;Line;84.08;ByLayer;2.7049;26.0690;0.0000;12429.5778;7420.1124;0.0000;;L_9;26.2090;ByLayer;1.0000;ByLayer;ByLayer;12426.8728;7394.0434;0.0000;0.0000
1;Line;82.67;ByLayer;3.2984;25.6473;0.0000;12426.8728;7394.0434;0.0000;;L_9;25.8585;ByLayer;1.0000;ByLayer;ByLayer;12423.5745;7368.3961;0.0000;0.0000
1;Line;85.25;ByLayer;2.1853;26.2839;0.0000;12431.7631;7446.3963;0.0000;;L_9;26.3746;ByLayer;1.0000;ByLayer;ByLayer;12429.5778;7420.1124;0.0000;0.0000
1;Line;87.00;ByLayer;1.3676;26.0930;0.0000;12434.8702;7498.7812;0.0000;;L_9;26.1288;ByLayer;1.0000;ByLayer;ByLayer;12433.5026;7472.6882;0.0000;0.0000
1;Line;86.21;ByLayer;1.7395;26.2919;0.0000;12433.5026;7472.6882;0.0000;;L_9;26.3494;ByLayer;1.0000;ByLayer;ByLayer;12431.7631;7446.3963;0.0000;0.0000
1;Line;16.95;ByLayer;19.3532;5.8998;0.0000;12330.2363;7174.6037;0.0000;;L_9;20.2325;ByLayer;1.0000;ByLayer;ByLayer;12310.8831;7168.7038;0.0000;0.0000
1;Line;102.32;ByLayer;-11.6227;53.2127;0.0000;12589.2030;7620.1547;0.0000;;L_7;54.4672;ByLayer;1.0000;ByLayer;ByLayer;12600.8256;7566.9420;0.0000;0.0000
1;Line;101.65;ByLayer;-10.9584;53.1636;0.0000;12600.8256;7566.9420;0.0000;;L_7;54.2813;ByLayer;1.0000;ByLayer;ByLayer;12611.7840;7513.7784;0.0000;0.0000
1;Line;102.82;ByLayer;-12.1209;53.2495;0.0000;12577.0821;7673.4042;0.0000;;L_7;54.6116;ByLayer;1.0000;ByLayer;ByLayer;12589.2030;7620.1547;0.0000;0.0000
1;Line;103.32;ByLayer;-12.6191;53.2863;0.0000;12552.0100;7779.9646;0.0000;;L_7;54.7601;ByLayer;1.0000;ByLayer;ByLayer;12564.6291;7726.6783;0.0000;0.0000
1;Line;103.16;ByLayer;-12.4530;53.2740;0.0000;12564.6291;7726.6783;0.0000;;L_7;54.7101;ByLayer;1.0000;ByLayer;ByLayer;12577.0821;7673.4042;0.0000;0.0000
1;Line;100.80;ByLayer;-10.1280;53.1023;0.0000;12611.7840;7513.7784;0.0000;;L_7;54.0595;ByLayer;1.0000;ByLayer;ByLayer;12621.9120;7460.6761;0.0000;0.0000
1;Line;95.19;ByLayer;-2.7597;30.3796;0.0000;12648.0261;7279.4965;0.0000;;L_7;30.5047;ByLayer;1.0000;ByLayer;ByLayer;12650.7858;7249.1170;0.0000;0.0000
1;Line;93.50;ByLayer;-3.2281;52.7740;0.0000;12650.7858;7249.1170;0.0000;;L_7;52.8726;ByLayer;1.0000;ByLayer;ByLayer;12654.0139;7196.3430;0.0000;0.0000
1;Line;96.83;ByLayer;-9.0134;75.2079;0.0000;12639.0127;7354.7045;0.0000;;L_7;75.7461;ByLayer;1.0000;ByLayer;ByLayer;12648.0261;7279.4965;0.0000;0.0000
1;Line;99.77;ByLayer;-9.1316;53.0287;0.0000;12621.9120;7460.6761;0.0000;;L_7;53.8092;ByLayer;1.0000;ByLayer;ByLayer;12631.0436;7407.6474;0.0000;0.0000
1;Line;98.56;ByLayer;-7.9691;52.9429;0.0000;12631.0436;7407.6474;0.0000;;L_7;53.5393;ByLayer;1.0000;ByLayer;ByLayer;12639.0127;7354.7045;0.0000;0.0000
1;Line;348.19;ByLayer;20.6780;-4.3232;0.0000;12255.0829;7169.4918;0.0000;;L_9;21.1251;ByLayer;1.0000;ByLayer;ByLayer;12234.4049;7173.8150;0.0000;0.0000
1;Line;344.51;ByLayer;21.5172;-5.9630;0.0000;12234.4049;7173.8150;0.0000;;L_9;22.3282;ByLayer;1.0000;ByLayer;ByLayer;12212.8877;7179.7780;0.0000;0.0000
1;Line;352.92;ByLayer;19.7190;-2.4491;0.0000;12274.8019;7167.0427;0.0000;;L_9;19.8705;ByLayer;1.0000;ByLayer;ByLayer;12255.0829;7169.4918;0.0000;0.0000
1;Line;6.55;ByLayer;17.4412;2.0019;0.0000;12310.8831;7168.7038;0.0000;;L_9;17.5557;ByLayer;1.0000;ByLayer;ByLayer;12293.4419;7166.7020;0.0000;0.0000
1;Line;358.95;ByLayer;18.6400;-0.3407;0.0000;12293.4419;7166.7020;0.0000;;L_9;18.6431;ByLayer;1.0000;ByLayer;ByLayer;12274.8019;7167.0427;0.0000;0.0000
1;Line;341.67;ByLayer;22.2365;-7.3685;0.0000;12212.8877;7179.7780;0.0000;;L_9;23.4256;ByLayer;1.0000;ByLayer;ByLayer;12190.6512;7187.1465;0.0000;0.0000
1;Line;336.00;ByLayer;23.9148;-10.6482;0.0000;12120.8248;7215.3428;0.0000;;L_9;26.1783;ByLayer;1.0000;ByLayer;ByLayer;12096.9100;7225.9910;0.0000;0.0000
1;Line;335.64;ByLayer;24.0347;-10.8824;0.0000;12096.9100;7225.9910;0.0000;;L_9;26.3836;ByLayer;1.0000;ByLayer;ByLayer;12072.8753;7236.8734;0.0000;0.0000
1;Line;336.73;ByLayer;23.6751;-10.1796;0.0000;12144.4999;7205.1632;0.0000;;L_9;25.7708;ByLayer;1.0000;ByLayer;ByLayer;12120.8248;7215.3428;0.0000;0.0000
1;Line;339.50;ByLayer;22.8359;-8.5398;0.0000;12190.6512;7187.1465;0.0000;;L_9;24.3805;ByLayer;1.0000;ByLayer;ByLayer;12167.8153;7195.6863;0.0000;0.0000
1;Line;337.88;ByLayer;23.3154;-9.4769;0.0000;12167.8153;7195.6863;0.0000;;L_9;25.1678;ByLayer;1.0000;ByLayer;ByLayer;12144.4999;7205.1632;0.0000;0.0000
1;Line;103.06;ByLayer;-4.8899;21.0724;0.0000;12343.8935;8291.7487;0.0000;;L_9;21.6323;ByLayer;1.0000;ByLayer;ByLayer;12348.7834;8270.6763;0.0000;0.0000
1;Line;102.91;ByLayer;-4.8145;21.0065;0.0000;12348.7834;8270.6763;0.0000;;L_9;21.5512;ByLayer;1.0000;ByLayer;ByLayer;12353.5979;8249.6698;0.0000;0.0000
1;Line;103.21;ByLayer;-4.9602;21.1339;0.0000;12338.9333;8312.8826;0.0000;;L_9;21.7082;ByLayer;1.0000;ByLayer;ByLayer;12343.8935;8291.7487;0.0000;0.0000
1;Line;103.46;ByLayer;-5.0857;21.2437;0.0000;12328.8222;8355.3174;0.0000;;L_9;21.8440;ByLayer;1.0000;ByLayer;ByLayer;12333.9079;8334.0737;0.0000;0.0000
1;Line;103.34;ByLayer;-5.0254;21.1910;0.0000;12333.9079;8334.0737;0.0000;;L_9;21.7788;ByLayer;1.0000;ByLayer;ByLayer;12338.9333;8312.8826;0.0000;0.0000
1;Line;102.74;ByLayer;-4.7342;20.9362;0.0000;12353.5979;8249.6698;0.0000;;L_9;21.4648;ByLayer;1.0000;ByLayer;ByLayer;12358.3320;8228.7336;0.0000;0.0000
1;Line;101.95;ByLayer;-4.3625;20.6111;0.0000;12372.0022;8166.3906;0.0000;;L_9;21.0678;ByLayer;1.0000;ByLayer;ByLayer;12376.3648;8145.7795;0.0000;0.0000
1;Line;101.72;ByLayer;-4.2571;20.5189;0.0000;12376.3648;8145.7795;0.0000;;L_9;20.9558;ByLayer;1.0000;ByLayer;ByLayer;12380.6218;8125.2606;0.0000;0.0000
1;Line;102.17;ByLayer;-4.4630;20.6990;0.0000;12367.5392;8187.0896;0.0000;;L_9;21.1747;ByLayer;1.0000;ByLayer;ByLayer;12372.0022;8166.3906;0.0000;0.0000
1;Line;102.56;ByLayer;-4.6488;20.8615;0.0000;12358.3320;8228.7336;0.0000;;L_9;21.3732;ByLayer;1.0000;ByLayer;ByLayer;12362.9808;8207.8721;0.0000;0.0000
1;Line;102.37;ByLayer;-4.5584;20.7825;0.0000;12362.9808;8207.8721;0.0000;;L_9;21.2765;ByLayer;1.0000;ByLayer;ByLayer;12367.5392;8187.0896;0.0000;0.0000
1;Line;104.06;ByLayer;-5.3870;21.5073;0.0000;12286.5697;8526.6379;0.0000;;L_9;22.1717;ByLayer;1.0000;ByLayer;ByLayer;12291.9567;8505.1305;0.0000;0.0000
1;Line;104.02;ByLayer;-5.3669;21.4897;0.0000;12291.9567;8505.1305;0.0000;;L_9;22.1498;ByLayer;1.0000;ByLayer;ByLayer;12297.3236;8483.6408;0.0000;0.0000
1;Line;104.09;ByLayer;-5.4021;21.5205;0.0000;12281.1676;8548.1583;0.0000;;L_9;22.1882;ByLayer;1.0000;ByLayer;ByLayer;12286.5697;8526.6379;0.0000;0.0000
1;Line;104.12;ByLayer;-5.4172;21.5337;0.0000;12270.3383;8591.2213;0.0000;;L_9;22.2046;ByLayer;1.0000;ByLayer;ByLayer;12275.7554;8569.6876;0.0000;0.0000
1;Line;104.11;ByLayer;-5.4121;21.5293;0.0000;12275.7554;8569.6876;0.0000;;L_9;22.1991;ByLayer;1.0000;ByLayer;ByLayer;12281.1676;8548.1583;0.0000;0.0000
1;Line;103.97;ByLayer;-5.3418;21.4678;0.0000;12297.3236;8483.6408;0.0000;;L_9;22.1224;ByLayer;1.0000;ByLayer;ByLayer;12302.6655;8462.1730;0.0000;0.0000
1;Line;103.67;ByLayer;-5.1912;21.3360;0.0000;12318.4901;8397.9454;0.0000;;L_9;21.9584;ByLayer;1.0000;ByLayer;ByLayer;12323.6812;8376.6094;0.0000;0.0000
1;Line;103.57;ByLayer;-5.1410;21.2921;0.0000;12323.6812;8376.6094;0.0000;;L_9;21.9039;ByLayer;1.0000;ByLayer;ByLayer;12328.8222;8355.3174;0.0000;0.0000
1;Line;103.76;ByLayer;-5.2364;21.3755;0.0000;12313.2537;8419.3209;0.0000;;L_9;22.0076;ByLayer;1.0000;ByLayer;ByLayer;12318.4901;8397.9454;0.0000;0.0000
1;Line;103.91;ByLayer;-5.3117;21.4414;0.0000;12302.6655;8462.1730;0.0000;;L_9;22.0896;ByLayer;1.0000;ByLayer;ByLayer;12307.9772;8440.7316;0.0000;0.0000
1;Line;103.84;ByLayer;-5.2765;21.4107;0.0000;12307.9772;8440.7316;0.0000;;L_9;22.0513;ByLayer;1.0000;ByLayer;ByLayer;12313.2537;8419.3209;0.0000;0.0000
1;Line;101.48;ByLayer;-4.1466;20.4222;0.0000;12380.6218;8125.2606;0.0000;;L_9;20.8390;ByLayer;1.0000;ByLayer;ByLayer;12384.7684;8104.8384;0.0000;0.0000
1;Line;95.08;ByLayer;-1.8657;20.9859;0.0000;12428.3230;7821.3054;0.0000;;L_9;21.0687;ByLayer;1.0000;ByLayer;ByLayer;12430.1886;7800.3195;0.0000;0.0000
1;Line;94.51;ByLayer;-1.6716;21.2082;0.0000;12430.1886;7800.3195;0.0000;;L_9;21.2740;ByLayer;1.0000;ByLayer;ByLayer;12431.8603;7779.1113;0.0000;0.0000
1;Line;95.64;ByLayer;-2.0545;20.7870;0.0000;12426.2685;7842.0924;0.0000;;L_9;20.8882;ByLayer;1.0000;ByLayer;ByLayer;12428.3230;7821.3054;0.0000;0.0000
1;Line;96.74;ByLayer;-2.4163;20.4591;0.0000;12421.6141;7883.1628;0.0000;;L_9;20.6013;ByLayer;1.0000;ByLayer;ByLayer;12424.0304;7862.7037;0.0000;0.0000
1;Line;96.20;ByLayer;-2.2380;20.6114;0.0000;12424.0304;7862.7037;0.0000;;L_9;20.7325;ByLayer;1.0000;ByLayer;ByLayer;12426.2685;7842.0924;0.0000;0.0000
1;Line;93.93;ByLayer;-1.4723;21.4538;0.0000;12431.8603;7779.1113;0.0000;;L_9;21.5043;ByLayer;1.0000;ByLayer;ByLayer;12433.3326;7757.6575;0.0000;0.0000
1;Line;91.57;ByLayer;-0.6226;22.6699;0.0000;12436.5012;7691.5887;0.0000;;L_9;22.6784;ByLayer;1.0000;ByLayer;ByLayer;12437.1237;7668.9188;0.0000;0.0000
1;Line;90.99;ByLayer;-0.3970;23.0322;0.0000;12437.1237;7668.9188;0.0000;;L_9;23.0357;ByLayer;1.0000;ByLayer;ByLayer;12437.5207;7645.8866;0.0000;0.0000
1;Line;92.16;ByLayer;-0.8429;22.3308;0.0000;12435.6583;7713.9195;0.0000;;L_9;22.3467;ByLayer;1.0000;ByLayer;ByLayer;12436.5012;7691.5887;0.0000;0.0000
1;Line;93.34;ByLayer;-1.2678;21.7228;0.0000;12433.3326;7757.6575;0.0000;;L_9;21.7598;ByLayer;1.0000;ByLayer;ByLayer;12434.6003;7735.9347;0.0000;0.0000
1;Line;92.75;ByLayer;-1.0579;22.0151;0.0000;12434.6003;7735.9347;0.0000;;L_9;22.0406;ByLayer;1.0000;ByLayer;ByLayer;12435.6583;7713.9195;0.0000;0.0000
1;Line;100.31;ByLayer;-3.6537;20.0817;0.0000;12396.4948;8044.1568;0.0000;;L_9;20.4114;ByLayer;1.0000;ByLayer;ByLayer;12400.1485;8024.0751;0.0000;0.0000
1;Line;99.95;ByLayer;-3.5174;20.0472;0.0000;12400.1485;8024.0751;0.0000;;L_9;20.3534;ByLayer;1.0000;ByLayer;ByLayer;12403.6659;8004.0279;0.0000;0.0000
1;Line;100.64;ByLayer;-3.7847;20.1396;0.0000;12392.7100;8064.2964;0.0000;;L_9;20.4921;ByLayer;1.0000;ByLayer;ByLayer;12396.4948;8044.1568;0.0000;0.0000
1;Line;101.22;ByLayer;-3.9097;19.7021;0.0000;12384.7684;8104.8384;0.0000;;L_9;20.0863;ByLayer;1.0000;ByLayer;ByLayer;12388.6782;8085.1363;0.0000;0.0000
1;Line;100.95;ByLayer;-4.0319;20.8399;0.0000;12388.6782;8085.1363;0.0000;;L_9;21.2263;ByLayer;1.0000;ByLayer;ByLayer;12392.7100;8064.2964;0.0000;0.0000
1;Line;99.56;ByLayer;-3.3759;20.0360;0.0000;12403.6659;8004.0279;0.0000;;L_9;20.3184;ByLayer;1.0000;ByLayer;ByLayer;12407.0417;7983.9920;0.0000;0.0000
1;Line;97.76;ByLayer;-2.7572;20.2247;0.0000;12416.2675;7923.7177;0.0000;;L_9;20.4117;ByLayer;1.0000;ByLayer;ByLayer;12419.0247;7903.4931;0.0000;0.0000
1;Line;97.26;ByLayer;-2.5894;20.3302;0.0000;12419.0247;7903.4931;0.0000;;L_9;20.4945;ByLayer;1.0000;ByLayer;ByLayer;12421.6141;7883.1628;0.0000;0.0000
1;Line;98.25;ByLayer;-2.9197;20.1425;0.0000;12413.3478;7943.8602;0.0000;;L_9;20.3530;ByLayer;1.0000;ByLayer;ByLayer;12416.2675;7923.7177;0.0000;0.0000
1;Line;99.15;ByLayer;-3.2291;20.0481;0.0000;12407.0417;7983.9920;0.0000;;L_9;20.3065;ByLayer;1.0000;ByLayer;ByLayer;12410.2708;7963.9438;0.0000;0.0000
1;Line;98.71;ByLayer;-3.0770;20.0836;0.0000;12410.2708;7963.9438;0.0000;;L_9;20.3180;ByLayer;1.0000;ByLayer;ByLayer;12413.3478;7943.8602;0.0000;0.0000
1;Line;23.11;ByLayer;21.1105;9.0074;0.0000;12115.7375;8455.4855;0.0000;;L_9;22.9518;ByLayer;1.0000;ByLayer;ByLayer;12094.6270;8446.4781;0.0000;0.0000
1;Line;16.42;ByLayer;22.5747;6.6533;0.0000;12094.6270;8446.4781;0.0000;;L_9;23.5347;ByLayer;1.0000;ByLayer;ByLayer;12072.0523;8439.8249;0.0000;0.0000
1;Line;30.69;ByLayer;19.0324;11.2968;0.0000;12134.7699;8466.7823;0.0000;;L_9;22.1325;ByLayer;1.0000;ByLayer;ByLayer;12115.7375;8455.4855;0.0000;0.0000
1;Line;47.52;ByLayer;14.5146;15.8488;0.0000;12166.1589;8496.4002;0.0000;;L_9;21.4909;ByLayer;1.0000;ByLayer;ByLayer;12151.6443;8480.5514;0.0000;0.0000
1;Line;39.21;ByLayer;16.8744;13.7692;0.0000;12151.6443;8480.5514;0.0000;;L_9;21.7793;ByLayer;1.0000;ByLayer;ByLayer;12134.7699;8466.7823;0.0000;0.0000
1;Line;10.37;ByLayer;23.5273;4.3058;0.0000;12072.0523;8439.8249;0.0000;;L_9;23.9180;ByLayer;1.0000;ByLayer;ByLayer;12048.5250;8435.5191;0.0000;0.0000
1;Line;348.18;ByLayer;22.6589;-4.7440;0.0000;11977.3177;8436.6042;0.0000;;L_9;23.1502;ByLayer;1.0000;ByLayer;ByLayer;11954.6588;8441.3482;0.0000;0.0000
1;Line;343.86;ByLayer;22.1082;-6.3976;0.0000;11954.6588;8441.3482;0.0000;;L_9;23.0152;ByLayer;1.0000;ByLayer;ByLayer;11932.5506;8447.7458;0.0000;0.0000
1;Line;352.37;ByLayer;14.4921;-1.9405;0.0000;11991.8098;8434.6637;0.0000;;L_9;14.6215;ByLayer;1.0000;ByLayer;ByLayer;11977.3177;8436.6042;0.0000;0.0000
1;Line;4.69;ByLayer;23.9682;1.9649;0.0000;12048.5250;8435.5191;0.0000;;L_9;24.0486;ByLayer;1.0000;ByLayer;ByLayer;12024.5568;8433.5543;0.0000;0.0000
1;Line;358.06;ByLayer;32.7470;-1.1095;0.0000;12024.5568;8433.5543;0.0000;;L_9;32.7658;ByLayer;1.0000;ByLayer;ByLayer;11991.8098;8434.6637;0.0000;0.0000
1;Line;79.74;ByLayer;4.5815;25.3131;0.0000;12228.0952;8674.8141;0.0000;;L_9;25.7244;ByLayer;1.0000;ByLayer;ByLayer;12223.5137;8649.5010;0.0000;0.0000
1;Line;78.57;ByLayer;5.0330;24.8829;0.0000;12223.5137;8649.5010;0.0000;;L_9;25.3868;ByLayer;1.0000;ByLayer;ByLayer;12218.4807;8624.6181;0.0000;0.0000
1;Line;80.32;ByLayer;4.3557;25.5282;0.0000;12232.4510;8700.3423;0.0000;;L_9;25.8971;ByLayer;1.0000;ByLayer;ByLayer;12228.0952;8674.8141;0.0000;0.0000
1;Line;338.87;ByLayer;62.7009;-24.2266;0.0000;12200.7006;7183.6845;0.0000;;L_8;67.2185;ByLayer;1.0000;ByLayer;ByLayer;12137.9997;7207.9111;0.0000;0.0000
1;Line;336.02;ByLayer;65.1244;-28.9623;0.0000;12137.9997;7207.9111;0.0000;;L_8;71.2741;ByLayer;1.0000;ByLayer;ByLayer;12072.8753;7236.8734;0.0000;0.0000
1;Line;76.74;ByLayer;5.7103;24.2376;0.0000;12218.4807;8624.6181;0.0000;;L_9;24.9012;ByLayer;1.0000;ByLayer;ByLayer;12212.7705;8600.3805;0.0000;0.0000
1;Line;61.30;ByLayer;10.6768;19.5055;0.0000;12189.3186;8533.6904;0.0000;;L_9;22.2364;ByLayer;1.0000;ByLayer;ByLayer;12178.6418;8514.1849;0.0000;0.0000
1;Line;54.94;ByLayer;12.4829;17.7847;0.0000;12178.6418;8514.1849;0.0000;;L_9;21.7282;ByLayer;1.0000;ByLayer;ByLayer;12166.1589;8496.4002;0.0000;0.0000
1;Line;66.59;ByLayer;9.0966;21.0111;0.0000;12198.4152;8554.7015;0.0000;;L_9;22.8958;ByLayer;1.0000;ByLayer;ByLayer;12189.3186;8533.6904;0.0000;0.0000
1;Line;74.20;ByLayer;6.6133;23.3772;0.0000;12212.7705;8600.3805;0.0000;;L_9;24.2946;ByLayer;1.0000;ByLayer;ByLayer;12206.1572;8577.0033;0.0000;0.0000
1;Line;70.86;ByLayer;7.7420;22.3017;0.0000;12206.1572;8577.0033;0.0000;;L_9;23.6073;ByLayer;1.0000;ByLayer;ByLayer;12198.4152;8554.7015;0.0000;0.0000
1;Line;340.61;ByLayer;21.6951;-7.6378;0.0000;11932.5506;8447.7458;0.0000;;L_9;23.0003;ByLayer;1.0000;ByLayer;ByLayer;11910.8555;8455.3835;0.0000;0.0000
1;Line;280.39;ByLayer;36.1702;-197.1863;0.0000;11967.3140;7929.8161;0.0000;;L_3;200.4763;ByLayer;1.0000;ByLayer;ByLayer;11931.1438;8127.0024;0.0000;0.0000
1;Line;280.40;ByLayer;38.8579;-211.7850;0.0000;11931.1438;8127.0024;0.0000;;L_3;215.3203;ByLayer;1.0000;ByLayer;ByLayer;11892.2859;8338.7874;0.0000;0.0000
1;Line;280.06;ByLayer;32.8927;-185.3143;0.0000;12000.2067;7744.5017;0.0000;;L_3;188.2109;ByLayer;1.0000;ByLayer;ByLayer;11967.3140;7929.8161;0.0000;0.0000
1;Line;278.24;ByLayer;24.5677;-169.7505;0.0000;12053.7995;7398.5822;0.0000;;L_3;171.5191;ByLayer;1.0000;ByLayer;ByLayer;12029.2319;7568.3327;0.0000;0.0000
1;Line;279.36;ByLayer;29.0251;-176.1691;0.0000;12029.2319;7568.3327;0.0000;;L_3;178.5441;ByLayer;1.0000;ByLayer;ByLayer;12000.2067;7744.5017;0.0000;0.0000
1;Line;280.15;ByLayer;38.0507;-212.5539;0.0000;11892.2859;8338.7874;0.0000;;L_3;215.9329;ByLayer;1.0000;ByLayer;ByLayer;11854.2352;8551.3412;0.0000;0.0000
1;Line;286.02;ByLayer;29.9498;-104.2905;0.0000;11732.1542;9166.5494;0.0000;;L_3;108.5057;ByLayer;1.0000;ByLayer;ByLayer;11702.2044;9270.8399;0.0000;0.0000
1;Line;289.55;ByLayer;33.0002;-92.9439;0.0000;11702.2044;9270.8399;0.0000;;L_3;98.6285;ByLayer;1.0000;ByLayer;ByLayer;11669.2042;9363.7838;0.0000;0.0000
1;Line;283.60;ByLayer;27.3332;-112.9800;0.0000;11759.4873;9053.5695;0.0000;;L_3;116.2393;ByLayer;1.0000;ByLayer;ByLayer;11732.1542;9166.5494;0.0000;0.0000
1;Line;280.04;ByLayer;46.1962;-260.8282;0.0000;11854.2352;8551.3412;0.0000;;L_3;264.8876;ByLayer;1.0000;ByLayer;ByLayer;11808.0391;8812.1695;0.0000;0.0000
1;Line;281.37;ByLayer;48.5518;-241.4000;0.0000;11808.0391;8812.1695;0.0000;;L_3;246.2341;ByLayer;1.0000;ByLayer;ByLayer;11759.4873;9053.5695;0.0000;0.0000
1;Line;262.71;ByLayer;-48.6609;-380.3680;0.0000;11994.7015;5622.2046;0.0000;;L_3;383.4680;ByLayer;1.0000;ByLayer;ByLayer;12043.3624;6002.5726;0.0000;0.0000
1;Line;264.48;ByLayer;-35.8313;-370.6892;0.0000;12043.3624;6002.5726;0.0000;;L_3;372.4169;ByLayer;1.0000;ByLayer;ByLayer;12079.1937;6373.2618;0.0000;0.0000
1;Line;261.86;ByLayer;-55.0757;-385.2074;0.0000;11939.6257;5236.9972;0.0000;;L_3;389.1247;ByLayer;1.0000;ByLayer;ByLayer;11994.7015;5622.2046;0.0000;0.0000
1;Line;338.44;ByLayer;21.4197;-8.4646;0.0000;11910.8555;8455.3835;0.0000;;L_9;23.0316;ByLayer;1.0000;ByLayer;ByLayer;11889.4358;8463.8481;0.0000;0.0000
1;Line;337.36;ByLayer;21.2821;-8.8780;0.0000;11889.4358;8463.8481;0.0000;;L_9;23.0596;ByLayer;1.0000;ByLayer;ByLayer;11868.1537;8472.7261;0.0000;0.0000
1;Line;266.48;ByLayer;-11.0999;-180.2028;0.0000;12079.1937;6373.2618;0.0000;;L_3;180.5443;ByLayer;1.0000;ByLayer;ByLayer;12090.2936;6553.4646;0.0000;0.0000
1;Line;274.81;ByLayer;13.8829;-165.0935;0.0000;12087.2026;7067.4300;0.0000;;L_3;165.6762;ByLayer;1.0000;ByLayer;ByLayer;12073.3198;7232.5235;0.0000;0.0000
1;Line;276.70;ByLayer;19.5202;-166.0586;0.0000;12073.3198;7232.5235;0.0000;;L_3;167.2020;ByLayer;1.0000;ByLayer;ByLayer;12053.7995;7398.5822;0.0000;0.0000
1;Line;272.29;ByLayer;8.6194;-215.4442;0.0000;12095.8221;6851.9858;0.0000;;L_3;215.6166;ByLayer;1.0000;ByLayer;ByLayer;12087.2026;7067.4300;0.0000;0.0000
1;Line;268.21;ByLayer;-5.4870;-175.9683;0.0000;12090.2936;6553.4646;0.0000;;L_3;176.0538;ByLayer;1.0000;ByLayer;ByLayer;12095.7805;6729.4329;0.0000;0.0000
1;Line;269.98;ByLayer;-0.0415;-122.5529;0.0000;12095.7805;6729.4329;0.0000;;L_3;122.5529;ByLayer;1.0000;ByLayer;ByLayer;12095.8221;6851.9858;0.0000;0.0000
1;Line;358.12;ByLayer;29.3940;-0.9651;0.0000;12279.6901;6545.3300;0.0000;;L_7;29.4099;ByLayer;1.0000;ByLayer;ByLayer;12250.2961;6546.2952;0.0000;0.0000
1;Line;349.47;ByLayer;51.8709;-9.6420;0.0000;12250.2961;6546.2952;0.0000;;L_7;52.7595;ByLayer;1.0000;ByLayer;ByLayer;12198.4252;6555.9372;0.0000;0.0000
1;Line;11.94;ByLayer;69.1227;14.6208;0.0000;12348.8129;6559.9508;0.0000;;L_7;70.6521;ByLayer;1.0000;ByLayer;ByLayer;12279.6901;6545.3300;0.0000;0.0000
1;Line;37.02;ByLayer;43.1571;32.5407;0.0000;12437.8340;6615.8622;0.0000;;L_7;54.0502;ByLayer;1.0000;ByLayer;ByLayer;12394.6769;6583.3215;0.0000;0.0000
1;Line;27.00;ByLayer;45.8641;23.3707;0.0000;12394.6769;6583.3215;0.0000;;L_7;51.4752;ByLayer;1.0000;ByLayer;ByLayer;12348.8129;6559.9508;0.0000;0.0000
1;Line;342.49;ByLayer;52.9351;-16.7037;0.0000;12198.4252;6555.9372;0.0000;;L_7;55.5080;ByLayer;1.0000;ByLayer;ByLayer;12145.4901;6572.6409;0.0000;0.0000
1;Line;103.89;ByLayer;-14.4379;58.3815;0.0000;12299.7216;8474.0143;0.0000;;L_8;60.1402;ByLayer;1.0000;ByLayer;ByLayer;12314.1595;8415.6329;0.0000;0.0000
1;Line;103.67;ByLayer;-14.1333;58.1150;0.0000;12314.1595;8415.6329;0.0000;;L_8;59.8089;ByLayer;1.0000;ByLayer;ByLayer;12328.2928;8357.5179;0.0000;0.0000
1;Line;104.04;ByLayer;-14.6409;58.5591;0.0000;12285.0807;8532.5734;0.0000;;L_8;60.3616;ByLayer;1.0000;ByLayer;ByLayer;12299.7216;8474.0143;0.0000;0.0000
1;Line;339.27;ByLayer;53.4672;-20.2346;0.0000;12145.4901;6572.6409;0.0000;;L_7;57.1680;ByLayer;1.0000;ByLayer;ByLayer;12092.0230;6592.8755;0.0000;0.0000
1;Line;104.11;ByLayer;-14.7425;58.6479;0.0000;12270.3383;8591.2213;0.0000;;L_8;60.4724;ByLayer;1.0000;ByLayer;ByLayer;12285.0807;8532.5734;0.0000;0.0000
1;Line;79.59;ByLayer;10.1708;55.3765;0.0000;12646.5006;7035.3627;0.0000;;L_7;56.3028;ByLayer;1.0000;ByLayer;ByLayer;12636.3297;6979.9861;0.0000;0.0000
1;Line;76.07;ByLayer;8.5659;34.5412;0.0000;12636.3297;6979.9861;0.0000;;L_7;35.5875;ByLayer;1.0000;ByLayer;ByLayer;12627.7639;6945.4450;0.0000;0.0000
1;Line;83.75;ByLayer;5.9509;54.3523;0.0000;12652.4514;7089.7149;0.0000;;L_7;54.6771;ByLayer;1.0000;ByLayer;ByLayer;12646.5006;7035.3627;0.0000;0.0000
1;Line;90.81;ByLayer;-0.7486;53.0510;0.0000;12654.0139;7196.3430;0.0000;;L_7;53.0563;ByLayer;1.0000;ByLayer;ByLayer;12654.7625;7143.2920;0.0000;0.0000
1;Line;87.53;ByLayer;2.3111;53.5771;0.0000;12654.7625;7143.2920;0.0000;;L_7;53.6269;ByLayer;1.0000;ByLayer;ByLayer;12652.4514;7089.7149;0.0000;0.0000
1;Line;71.67;ByLayer;26.3507;79.5318;0.0000;12627.7639;6945.4450;0.0000;;L_7;83.7834;ByLayer;1.0000;ByLayer;ByLayer;12601.4132;6865.9132;0.0000;0.0000
1;Line;51.73;ByLayer;36.7487;46.5776;0.0000;12514.7012;6702.7160;0.0000;;L_7;59.3291;ByLayer;1.0000;ByLayer;ByLayer;12477.9526;6656.1385;0.0000;0.0000
1;Line;45.11;ByLayer;40.1186;40.2763;0.0000;12477.9526;6656.1385;0.0000;;L_7;56.8479;ByLayer;1.0000;ByLayer;ByLayer;12437.8340;6615.8622;0.0000;0.0000
1;Line;57.28;ByLayer;33.0473;51.4445;0.0000;12547.7485;6754.1606;0.0000;;L_7;61.1446;ByLayer;1.0000;ByLayer;ByLayer;12514.7012;6702.7160;0.0000;0.0000
1;Line;66.57;ByLayer;24.6502;56.8755;0.0000;12601.4132;6865.9132;0.0000;;L_7;61.9875;ByLayer;1.0000;ByLayer;ByLayer;12576.7630;6809.0377;0.0000;0.0000
1;Line;62.13;ByLayer;29.0145;54.8772;0.0000;12576.7630;6809.0377;0.0000;;L_7;62.0753;ByLayer;1.0000;ByLayer;ByLayer;12547.7485;6754.1606;0.0000;0.0000
1;Line;103.37;ByLayer;-13.7272;57.7598;0.0000;12328.2928;8357.5179;0.0000;;L_8;59.3686;ByLayer;1.0000;ByLayer;ByLayer;12342.0201;8299.7581;0.0000;0.0000
1;Line;86.11;ByLayer;7.1189;104.7471;0.0000;12435.4602;7512.2349;0.0000;;L_8;104.9887;ByLayer;1.0000;ByLayer;ByLayer;12428.3414;7407.4878;0.0000;0.0000
1;Line;82.07;ByLayer;9.6431;69.1890;0.0000;12428.3414;7407.4878;0.0000;;L_8;69.8578;ByLayer;1.0000;ByLayer;ByLayer;12418.6982;7338.2987;0.0000;0.0000
1;Line;88.02;ByLayer;1.2641;36.5714;0.0000;12436.7244;7548.8062;0.0000;;L_8;36.5932;ByLayer;1.0000;ByLayer;ByLayer;12435.4602;7512.2349;0.0000;0.0000
1;Line;90.72;ByLayer;-0.7976;63.2232;0.0000;12436.8932;7678.3421;0.0000;;L_8;63.2282;ByLayer;1.0000;ByLayer;ByLayer;12437.6907;7615.1189;0.0000;0.0000
1;Line;89.17;ByLayer;0.9664;66.3127;0.0000;12437.6907;7615.1189;0.0000;;L_8;66.3197;ByLayer;1.0000;ByLayer;ByLayer;12436.7244;7548.8062;0.0000;0.0000
1;Line;76.32;ByLayer;15.2565;62.6709;0.0000;12418.6982;7338.2987;0.0000;;L_8;64.5012;ByLayer;1.0000;ByLayer;ByLayer;12403.4418;7275.6278;0.0000;0.0000
1;Line;4.53;ByLayer;71.6818;5.6744;0.0000;12330.2363;7174.6037;0.0000;;L_8;71.9060;ByLayer;1.0000;ByLayer;ByLayer;12258.5545;7168.9293;0.0000;0.0000
1;Line;345.69;ByLayer;57.8539;-14.7552;0.0000;12258.5545;7168.9293;0.0000;;L_8;59.7059;ByLayer;1.0000;ByLayer;ByLayer;12200.7006;7183.6845;0.0000;0.0000
1;Line;31.04;ByLayer;19.8814;11.9666;0.0000;12350.1177;7186.5703;0.0000;;L_8;23.2049;ByLayer;1.0000;ByLayer;ByLayer;12330.2363;7174.6037;0.0000;0.0000
1;Line;66.72;ByLayer;22.3626;51.9703;0.0000;12403.4418;7275.6278;0.0000;;L_8;56.5773;ByLayer;1.0000;ByLayer;ByLayer;12381.0792;7223.6576;0.0000;0.0000
1;Line;50.14;ByLayer;30.9615;37.0873;0.0000;12381.0792;7223.6576;0.0000;;L_8;48.3123;ByLayer;1.0000;ByLayer;ByLayer;12350.1177;7186.5703;0.0000;0.0000
1;Line;101.38;ByLayer;-8.9282;44.3618;0.0000;12379.7500;8129.4981;0.0000;;L_8;45.2514;ByLayer;1.0000;ByLayer;ByLayer;12388.6782;8085.1363;0.0000;0.0000
1;Line;100.60;ByLayer;-12.3320;65.9024;0.0000;12388.6782;8085.1363;0.0000;;L_8;67.0463;ByLayer;1.0000;ByLayer;ByLayer;12401.0102;8019.2338;0.0000;0.0000
1;Line;101.96;ByLayer;-11.8998;56.1613;0.0000;12367.8501;8185.6594;0.0000;;L_8;57.4081;ByLayer;1.0000;ByLayer;ByLayer;12379.7500;8129.4981;0.0000;0.0000
1;Line;102.99;ByLayer;-13.2196;57.3158;0.0000;12342.0201;8299.7581;0.0000;;L_8;58.8205;ByLayer;1.0000;ByLayer;ByLayer;12355.2397;8242.4423;0.0000;0.0000
1;Line;102.52;ByLayer;-12.6105;56.7829;0.0000;12355.2397;8242.4423;0.0000;;L_8;58.1663;ByLayer;1.0000;ByLayer;ByLayer;12367.8501;8185.6594;0.0000;0.0000
1;Line;99.52;ByLayer;-9.1518;54.5982;0.0000;12401.0102;8019.2338;0.0000;;L_8;55.3599;ByLayer;1.0000;ByLayer;ByLayer;12410.1619;7964.6356;0.0000;0.0000
1;Line;93.92;ByLayer;-4.0070;58.4602;0.0000;12430.4309;7797.4080;0.0000;;L_8;58.5974;ByLayer;1.0000;ByLayer;ByLayer;12434.4378;7738.9478;0.0000;0.0000
1;Line;92.32;ByLayer;-2.4553;60.6057;0.0000;12434.4378;7738.9478;0.0000;;L_8;60.6554;ByLayer;1.0000;ByLayer;ByLayer;12436.8932;7678.3421;0.0000;0.0000
1;Line;95.48;ByLayer;-5.4524;56.7867;0.0000;12424.9784;7854.1947;0.0000;;L_8;57.0479;ByLayer;1.0000;ByLayer;ByLayer;12430.4309;7797.4080;0.0000;0.0000
1;Line;98.32;ByLayer;-8.0248;54.8557;0.0000;12410.1619;7964.6356;0.0000;;L_8;55.4396;ByLayer;1.0000;ByLayer;ByLayer;12418.1868;7909.7799;0.0000;0.0000
1;Line;96.97;ByLayer;-6.7917;55.5852;0.0000;12418.1868;7909.7799;0.0000;;L_8;55.9986;ByLayer;1.0000;ByLayer;ByLayer;12424.9784;7854.1947;0.0000;0.0000
